{
  "project_info": {
    "project_number": "777217358637",
    "project_id": "caar-772e1",
    "storage_bucket": "caar-772e1.firebasestorage.app"
  },
  "client": [
    {
      "client_info": {
        "mobilesdk_app_id": "1:777217358637:android:29982460d0fd02590e71a4",
        "android_client_info": {
          "package_name": "com.lonelychat"
        }
      },
      "oauth_client": [],
      "api_key": [
        {
          "current_key": "AIzaSyB_wqvYpkhZVRimu86Mz_-0uXWzpAZaQzg"
        }
      ],
      "services": {
        "appinvite_service": {
          "other_platform_oauth_client": []
        }
      }
    },
    {
      "client_info": {
        "mobilesdk_app_id": "1:777217358637:android:c8f0f92045a479dc0e71a4",
        "android_client_info": {
          "package_name": "com.campusarchive.app"
        }
      },
      "oauth_client": [],
      "api_key": [
        {
          "current_key": "AIzaSyB_wqvYpkhZVRimu86Mz_-0uXWzpAZaQzg"
        }
      ],
      "services": {
        "appinvite_service": {
          "other_platform_oauth_client": []
        }
      }
    },
    {
      "client_info": {
        "mobilesdk_app_id": "1:777217358637:android:9b64d7e55364326e0e71a4",
        "android_client_info": {
          "package_name": "com.games1002.app"
        }
      },
      "oauth_client": [],
      "api_key": [
        {
          "current_key": "AIzaSyB_wqvYpkhZVRimu86Mz_-0uXWzpAZaQzg"
        }
      ],
      "services": {
        "appinvite_service": {
          "other_platform_oauth_client": []
        }
      }
    },
    {
      "client_info": {
        "mobilesdk_app_id": "1:777217358637:android:a0a974a14cdc11aa0e71a4",
        "android_client_info": {
          "package_name": "com.xtrachat.app"
        }
      },
      "oauth_client": [],
      "api_key": [
        {
          "current_key": "AIzaSyB_wqvYpkhZVRimu86Mz_-0uXWzpAZaQzg"
        }
      ],
      "services": {
        "appinvite_service": {
          "other_platform_oauth_client": []
        }
      }
    }
  ],
  "configuration_version": "1"
}